Title, Image, Link, Price, Reviews, Stars
"REIBII 71’’H Wire Shelving Rack 7-Tier Metal Shelving Units and Storage Shelves Loads 1176 LBS Adjustable Garage Shelving Heavy Duty Metal Shelves for Storage Rack,71 “H X 18”W X 18 “D","https://m.media-amazon.com/images/I/71FwE4EDeZL._AC_UL320_.jpg","https://amazon.com/REIBII-Shelving-Storage-Shelves-Adjustable/dp/B0C6XL24JS/ref=sr_1_1?crid=36QNR0DBY6M7J&keywords=shelves&qid=1697706350&refresh=1&sprefix=s%2Caps%2C309&sr=8-1","$65.99","1","4.0 out of 5 stars"
"Amazon Basics 4-Shelf Adjustable, Heavy Duty Storage Shelving Unit (350 lbs loading capacity per shelf), Steel Organizer Wire Rack, Black, 36" L x 14" W x 54" H","https://m.media-amazon.com/images/I/71fiSbrRqYL._AC_UL320_.jpg","https://amazon.com/Amazon-Basics-Adjustable-Shelving-Organizer/dp/B01LYBQXRH/ref=sr_1_2?crid=36QNR0DBY6M7J&keywords=shelves&qid=1697706350&refresh=1&sprefix=s%2Caps%2C309&sr=8-2","$72.58","217,156","4.6 out of 5 stars"
"YGEOMER Floating Shelves, Rustic Wood Shelves, 4 Sets of Wall Mounted Shelf for Bathroom Decor, Bedroom, Living Room and Plants (Carbonized Black)","https://m.media-amazon.com/images/I/61ep3xgFcaL._AC_UL320_.jpg","https://amazon.com/YGEOMER-Floating-Carbonized-Multifunctional-Wall-Mounted/dp/B08NSFV92Z/ref=sr_1_3?crid=36QNR0DBY6M7J&keywords=shelves&qid=1697706350&refresh=1&sprefix=s%2Caps%2C309&sr=8-3","$19.99$22.99","9,196","4.5 out of 5 stars"
"DOLLFIO Floating Shelves, 3 Sets Wall Shelves, Wooden Floating Shelves for Wall Décor, Wall Mounted Floating Bathroom Shelf for Storage, Floating Book Shelf for Bedroom, Living Room – Rustic Brown","https://m.media-amazon.com/images/I/71WT6lC7DeL._AC_UL320_.jpg","https://amazon.com/DOLLFIO-Floating-Shelves-Mounted-Bathroom/dp/B0CD1X9B1J/ref=sr_1_4?crid=36QNR0DBY6M7J&keywords=shelves&qid=1697706350&refresh=1&sprefix=s%2Caps%2C309&sr=8-4","$13.99","109","4.3 out of 5 stars"
"HOMEDANT 5 Tier Laminated White Metal Shelving Unit Adjustable Garage Storage Utility Rack Heavy Duty Shelves Organization Shelf Basement Shed Kitchen Closet Pantry 35.9" W x 16.2" D x 71.3" H 1Pack","https://m.media-amazon.com/images/I/71tQ3Nm9lwL._AC_UL320_.jpg","https://amazon.com/HOMEDANT-Shelving-Adjustable-Organization-Warehouse/dp/B0B75ZVVNS/ref=sr_1_5?crid=36QNR0DBY6M7J&keywords=shelves&qid=1697706350&refresh=1&sprefix=s%2Caps%2C309&sr=8-5","$119.99","100","4.6 out of 5 stars"
"Fixwal Corner Floating Shelves, Wall Mounted Corner Shelf Set of 5, Rustic Wood Wall Shelves for Bathroom, Kitchen, Bedroom or Living Room (Carbonized Black)","https://m.media-amazon.com/images/I/81xE8s6lGhL._AC_UL320_.jpg","https://amazon.com/Fixwal-Corner-Floating-Bathroom-Carbonized/dp/B0BPNGMD5T/ref=sr_1_6?crid=36QNR0DBY6M7J&keywords=shelves&qid=1697706350&refresh=1&sprefix=s%2Caps%2C309&sr=8-6","$32.99$34.99","427","4.4 out of 5 stars"
"SINGAYE 5 Tier Adjustable Storage Shelf Metal Storage Rack Wire Shelving Unit Storage Shelves Metal 660Lbs Capacity 23.6" W x 14" D x 59.1" H for Pantry Closet Kitchen Laundry Silver","https://m.media-amazon.com/images/I/61vqnW4PzQS._AC_UL320_.jpg","https://amazon.com/SINGAYE-Storage-Shelving-Shelves-Kitchen/dp/B07B656H5P/ref=sr_1_7?crid=36QNR0DBY6M7J&keywords=shelves&qid=1697706350&refresh=1&sprefix=s%2Caps%2C309&sr=8-7","$62.59$78.29","13,881","4.4 out of 5 stars"
"upsimples Floating Shelves for Wall Decor Storage, Dark Brown Wall Mounted Shelves Set of 5, Sturdy Small Wood Shelves Hanging for Bedroom, Living Room, Bathroom, Kitchen, Corner, Book","https://m.media-amazon.com/images/I/71dh0MG5W0L._AC_UL320_.jpg","https://amazon.com/upsimples-Floating-Shelves-Brackets-Bathroom/dp/B0BX59CFN1/ref=sr_1_8?crid=36QNR0DBY6M7J&keywords=shelves&qid=1697706350&refresh=1&sprefix=s%2Caps%2C309&sr=8-8","$21.99","414","4.7 out of 5 stars"
"BAYKA Floating Shelves, Wall Mounted Rustic Wood Shelves for Bathroom, Bedroom, Living Room, Kitchen, Small Hanging Shelf for Books/Storage/Room Decor with 22lbs Capacity (Black, Set of 3, 16in)","https://m.media-amazon.com/images/I/71th-m6UKOL._AC_UL320_.jpg","https://amazon.com/BAYKA-Floating-Shelves-Bathroom-Capacity/dp/B0BQHV84H6/ref=sr_1_9?crid=36QNR0DBY6M7J&keywords=shelves&qid=1697706350&refresh=1&sprefix=s%2Caps%2C309&sr=8-9","$24.98$43.74","506","4.2 out of 5 stars"
"upsimples Clear Acrylic Shelves for Wall Storage, 15" Floating Shelves Wall Mounted, Kids Bookshelf, Display Ledge for Bedroom, Living Room, Bathroom, Kitchen, Set of 6","https://m.media-amazon.com/images/I/61lbK-yoqXL._AC_UL320_.jpg","https://amazon.com/upsimples-Acrylic-Floating-Bookshelf-Bathroom/dp/B0BBFXCWFJ/ref=sr_1_10?crid=36QNR0DBY6M7J&keywords=shelves&qid=1697706350&refresh=1&sprefix=s%2Caps%2C309&sr=8-10","$20.99$26.99","2,378","4.7 out of 5 stars"
"Fixwal Floating Wall Shelves, Set of 10, Rustic Wood Wall Decor, Farmhouse Wall Mounted Shelves for Bedroom, Living Room, Kitchen and Bathroom (Carbonized Black)","https://m.media-amazon.com/images/I/61XXfjPjXFL._AC_UL320_.jpg","https://amazon.com/Fixwal-Floating-Shelves-Farmhouse-Carbonized/dp/B0BQ3334XW/ref=sr_1_11?crid=36QNR0DBY6M7J&keywords=shelves&qid=1697706350&refresh=1&sprefix=s%2Caps%2C309&sr=8-11","$36.99$40.99","266","4.6 out of 5 stars"
"BolDuck 5 Tier Storage Shelves with Wheels, 1750lbs Capacity Heavy Duty Shelving Units, 14x36x75inch Adjustable Metal Shelf Wire Shelving Rack for Garage, Kitchen, Office, Black","https://m.media-amazon.com/images/I/6169RWpHaNL._AC_UL320_.jpg","https://amazon.com/BolDuck-Shelves-Capacity-Shelving-Units-14x36x75inch-Adjustable/dp/B0C9QQDM2Z/ref=sr_1_12?crid=36QNR0DBY6M7J&keywords=shelves&qid=1697706350&refresh=1&sprefix=s%2Caps%2C309&sr=8-12","$99.99$109.99","22","5.0 out of 5 stars"
"Fixwal Floating Shelves Wall Shelves Width 4.7in Rustic Wood Set of 8, Wall Storage Shelves for Bedroom, Living Room, Kitchen, Bathroom, Office and Plants (Carbonized Black)","https://m.media-amazon.com/images/I/916S7HumqUL._AC_UL320_.jpg","https://amazon.com/Fixwal-Floating-Shelves-Bathroom-Carbonized/dp/B0C1R9J29V/ref=sr_1_13?crid=36QNR0DBY6M7J&keywords=shelves&qid=1697706350&refresh=1&sprefix=s%2Caps%2C309&sr=8-13","$29.99","283","4.6 out of 5 stars"
"Riipoo Storage Cube Shelves, 4-Cube Organizer Shelf for Bedroom Closet, 5-Layer Small Bookshelf, Bookcase Unit for Small Spaces","https://m.media-amazon.com/images/I/919qOYAOCCL._AC_UL320_.jpg","https://amazon.com/RIIPOO-Storage-Organizer-Bookshelf-Bookcase/dp/B0BDCTVV4Z/ref=sr_1_14?crid=36QNR0DBY6M7J&keywords=shelves&qid=1697706350&refresh=1&sprefix=s%2Caps%2C309&sr=8-14","$19.69","397","3.7 out of 5 stars"
"Lauxery 5 Tier Storage Shelves Heavy Duty Garage Shelf, Adjustable Shelving Storage Unit, 76" Hight Storage Utility Rack for Kitchen Bathroom Warehouse Pantry 35.5" W x 16" D x 76" H","https://m.media-amazon.com/images/I/71-jzlRBmFL._AC_UL320_.jpg","https://amazon.com/Garage-Shelving-Heavy-Duty-Metal/dp/B0BBRDYD61/ref=sr_1_15?crid=36QNR0DBY6M7J&keywords=shelves&qid=1697706350&refresh=1&sprefix=s%2Caps%2C309&sr=8-15","$99.80","152","3.8 out of 5 stars"
"Mavivegue Bookshelf,18 Cube Storage Organizer,Extra Large Book Shelf Organizer,Tall Bookcase Shelf,Book Cases/Shelves,Black Cube Shelf,Cubbies Closet Shelves for Bedroom,Living Room,Home,Office","https://m.media-amazon.com/images/I/71npdiZfFEL._AC_UL320_.jpg","https://amazon.com/Mavivegue-Bookshelf-Storage-Organizer-Bookcase/dp/B0BXXKJMZ7/ref=sr_1_16?crid=36QNR0DBY6M7J&keywords=shelves&qid=1697706350&refresh=1&sprefix=s%2Caps%2C309&sr=8-16","$38.88$45.99","389","4.0 out of 5 stars"
"Hodonas Metal Shelving Unit with Wheels, 5-tier Wire Shelving with Adjustable Shelves for Storage, Freestanding Heavy Duty Metal Wire Storage Shelf Rack for Pantry Garage Kitchen, 36"W x 14"D x 75"H","https://m.media-amazon.com/images/I/71UHR7IXqrL._AC_UL320_.jpg","https://amazon.com/Hodonas-Adjustable-Shelves-Storage-Freestanding/dp/B0C9L87CTC/ref=sr_1_17?crid=36QNR0DBY6M7J&keywords=shelves&qid=1697706350&refresh=1&sprefix=s%2Caps%2C309&sr=8-17","$108.99"
"VEKOID 5 Tier Metal Shelving Unit on Wheels, Adjustable Storage Racks and Shelf, Heavy Duty Rolling Metal Shelves for Laundry Bathroom Kitchen Garage Pantry Organization Industrial Bakers Rack","https://m.media-amazon.com/images/I/61-+jNCTW0L._AC_UL320_.jpg","https://amazon.com/VEKOID-Shelving-Adjustable-Organization-Industrial/dp/B0C7GQ1V5W/ref=sr_1_18?crid=36QNR0DBY6M7J&keywords=shelves&qid=1697706350&refresh=1&sprefix=s%2Caps%2C309&sr=8-18","$79.99","23","4.7 out of 5 stars"
"Axeman Oak Floating Shelves, 24 Inch Wall Shelf Set of 2, Solid Wood Shelves for Wall Storage, Wall Mounted Wooden Display Shelf for Bathroom Bedroom Kitchen Garage, Natural","https://m.media-amazon.com/images/I/71FyuJipWIL._AC_UL320_.jpg","https://amazon.com/Axeman-Floating-Shelves-Storage-Bathroom/dp/B0BKGFGHGN/ref=sr_1_19?crid=36QNR0DBY6M7J&keywords=shelves&qid=1697706350&refresh=1&sprefix=s%2Caps%2C309&sr=8-19","$89.99$94.99","31","4.5 out of 5 stars"
"SKIKEN Folding Metal Shelf for Bathroom Wall Mounted, Small Folding Shelf for Laundry Room, 90° Fold Up and Waterproof, Toilet Phone Holder Shelf, Small Shelf for Sink Side, Kitchen(2 Pack, Black)","https://m.media-amazon.com/images/I/71hnJYpx7-L._AC_UL320_.jpg","https://amazon.com/SKIKEN-Folding-Bathroom-Mounted-Waterproof/dp/B0BXT74JRR/ref=sr_1_20?crid=36QNR0DBY6M7J&keywords=shelves&qid=1697706350&refresh=1&sprefix=s%2Caps%2C309&sr=8-20","$31.87","21","4.7 out of 5 stars"
"QEEIG Floating Shelves Bathroom Shelf Bedroom Kitchen Farmhouse Small Book Shelf for Wall 16 inch Set of 3, Rustic Brown (015-BN3)","https://m.media-amazon.com/images/I/71oWgdKPvbL._AC_UL320_.jpg","https://amazon.com/QEEIG-Floating-Shelves-Bathroom-Farmhouse/dp/B09T66W5D1/ref=sr_1_21?crid=36QNR0DBY6M7J&keywords=shelves&qid=1697706350&refresh=1&sprefix=s%2Caps%2C309&sr=8-21","$29.82","487","4.6 out of 5 stars"
"Furinno Turn-N-Tube 4-Tier Corner Display Rack Multipurpose Shelving Unit, Round, Amber Pine/Black","https://m.media-amazon.com/images/I/51EGInRzb2L._AC_UL320_.jpg","https://amazon.com/Furinno-Turn-N-Tube-Display-Multipurpose-Shelving/dp/B09YJ6NF8N/ref=sr_1_22?crid=36QNR0DBY6M7J&keywords=shelves&qid=1697706350&refresh=1&sprefix=s%2Caps%2C309&sr=8-22","$17.50$19.06","66,422","4.5 out of 5 stars"
"BAYKA Floating Shelves, Wall Mounted Rustic Wood Shelves for Bathroom, Bedroom, Living Room, Kitchen, Office, 23" Hanging Shelf for Books/Storage/Room Decor with 22lbs Capacity (Black, Set of 2)","https://m.media-amazon.com/images/I/71P3uXpVzpL._AC_UL320_.jpg","https://amazon.com/BAYKA-Floating-Shelves-Bathroom-Capacity/dp/B0BZH6YNJJ/ref=sr_1_23?crid=36QNR0DBY6M7J&keywords=shelves&qid=1697706350&refresh=1&sprefix=s%2Caps%2C309&sr=8-23","$29.98$49.99","132","4.5 out of 5 stars"
"GloTika Over The Toilet Storage, 3-Tier Stainless Steel Bathroom Shelves, Freestanding Above Toilet Storage Shelf for Bathroom","https://m.media-amazon.com/images/I/713LkuYQ-JL._AC_UL320_.jpg","https://amazon.com/GloTika-Storage-Stainless-Bathroom-Freestanding/dp/B0CGJD4RFH/ref=sr_1_24?crid=36QNR0DBY6M7J&keywords=shelves&qid=1697706350&refresh=1&sprefix=s%2Caps%2C309&sr=8-24","$27.99$29.99","2","4.0 out of 5 stars"
"Durmmur Acrylic Thick Shower Shelves with Soap Dish, 3-Pack Clear Adhesive Bathroom Shower Caddy Organizer, Transparent Floating Shelf for Wall Mounted Storage Shower Mirror","https://m.media-amazon.com/images/I/61+PAqVHdpL._AC_UL320_.jpg","https://amazon.com/Durmmur-Adhesive-Bathroom-Organizer-Transparent/dp/B0C8HDTL2H/ref=sr_1_25?crid=36QNR0DBY6M7J&keywords=shelves&qid=1697706350&refresh=1&sprefix=s%2Caps%2C309&sr=8-25","$29.99","7","4.6 out of 5 stars"
"OKPOW Shelf Dividers for Closet Organization: 12 Pack Durable Clear Acrylic Divider Organizer for Shelves - Vertical Adjustable Shelving Separators for Clothing Purse","https://m.media-amazon.com/images/I/71VSSIaOeRL._AC_UL320_.jpg","https://amazon.com/OKPOW-Shelf-Dividers-Closet-Organization/dp/B0CHFCNSF6/ref=sr_1_26?crid=36QNR0DBY6M7J&keywords=shelves&qid=1697706350&refresh=1&sprefix=s%2Caps%2C309&sr=8-26","$32.99","4","5.0 out of 5 stars"
"Furologee 5-Tier Ladder Shelf, Ladder Bookshelf with Removable Drawer, Rustic Bookcase Storage Rack Organizer, Wood Metal Freestanding Storage Shelf for Living Room, Home Office, Bedroom, Kitchen","https://m.media-amazon.com/images/I/61DZE3IdDCL._AC_UL320_.jpg","https://amazon.com/Furologee-Bookshelf-Removable-Organizer-Freestanding/dp/B0CDH2V9XF/ref=sr_1_27?crid=36QNR0DBY6M7J&keywords=shelves&qid=1697706350&refresh=1&sprefix=s%2Caps%2C309&sr=8-27","$49.99","6","3.2 out of 5 stars"
"yaqew Variable Floating Shelves Wood Set of 4, Cube Wall Mounted Shelves 28.35" Max, Wall Shelves for Living Room Bedroom Farmhouse - 28.35" x 23" x 4.3" Max - Unfinished - No Stain - DIY","https://m.media-amazon.com/images/I/61UkGY-cV1L._AC_UL320_.jpg","https://amazon.com/yaqew-Variable-Floating-Shelves-Farmhouse/dp/B0BX9HKRML/ref=sr_1_28?crid=36QNR0DBY6M7J&keywords=shelves&qid=1697706350&refresh=1&sprefix=s%2Caps%2C309&sr=8-28","$39.99","64","4.5 out of 5 stars"
"Dr.Wall White Floating Shelves with Wire Mesh Guardrail, Bathroom Shelves Over Toilet, Farmhouse Wood Wall Shelf, Wall Mount Bathroom Organizer, Bathroom Storage Shelves for Wall Décor - Modern White","https://m.media-amazon.com/images/I/91uaVTquG2L._AC_UL320_.jpg","https://amazon.com/Dr-Wall-Floating-Guardrail-Farmhouse-Organizer/dp/B0BRV7YVVS/ref=sr_1_29?crid=36QNR0DBY6M7J&keywords=shelves&qid=1697706350&refresh=1&sprefix=s%2Caps%2C309&sr=8-29","$19.99","6","3.8 out of 5 stars"
"DOLLFIO Floating Shelves Set of 6, Black Wall Shelves with Lip, Display Shelves for Wall Decor, Modern Picture Ledge for Living Room, Bedroom, Nursery, Bathroom, Pictures, Books, Plants- Black","https://m.media-amazon.com/images/I/61iMJguw5qL._AC_UL320_.jpg","https://amazon.com/DOLLFIO-Floating-Shelves-Bathroom-Pictures/dp/B0CCTTD1YF/ref=sr_1_30?crid=36QNR0DBY6M7J&keywords=shelves&qid=1697706350&refresh=1&sprefix=s%2Caps%2C309&sr=8-30","$20.99","37","4.3 out of 5 stars"
"WOPITUES Floating Shelves Set of 6, Wood Floating Shelves for Wall Decor, Rustic Farmhouse Floating Shelves for Bedroom, Bathroom Shelves for Wall Storage, Book Shelves for Living Room-Rustic Brown","https://m.media-amazon.com/images/I/71G7N2u54uL._AC_UL320_.jpg","https://amazon.com/WOPITUES-Floating-Farmhouse-Bathroom-Room-Rustic/dp/B0C4T4BVT3/ref=sr_1_31?crid=36QNR0DBY6M7J&keywords=shelves&qid=1697706350&refresh=1&sprefix=s%2Caps%2C309&sr=8-31","$17.84$20.99","637","4.4 out of 5 stars"
"IDEALHOUSE Kitchen Bakers Rack, Microwave Oven Stand with Large Wire Basket, Industrial Coffee Bar Station, 4-Tier Kitchen Utility Storage Shelf with 8 Hooks for Spice, Pots Organizer, Rustic Brown","https://m.media-amazon.com/images/I/81peYPjhIhL._AC_UL320_.jpg","https://amazon.com/IDEALHOUSE-Kitchen-Microwave-Industrial-Organizer/dp/B0CGDFG1MQ/ref=sr_1_32?crid=36QNR0DBY6M7J&keywords=shelves&qid=1697706350&refresh=1&sprefix=s%2Caps%2C309&sr=8-32","$69.95","$75.18 delivery"
"SINGAYE 4 Tier Shelf Adjustable Storage Shelf,350LBS Load Capacity,Metal Storage Rack,Silver,17.32”W X 11.41”D X43.3” H","https://m.media-amazon.com/images/I/618MvmSxaRL._AC_UL320_.jpg","https://amazon.com/SINGAYE-Shelf-Shelving-Adjustable-Storage/dp/B07WYJW6G6/ref=sr_1_33?crid=36QNR0DBY6M7J&keywords=shelves&qid=1697706350&refresh=1&sprefix=s%2Caps%2C309&sr=8-33","$42.99$54.99","1,316","4.0 out of 5 stars"
"NIUBEST Workshop Wood Floating Shelves - 36 inch - Handcrafted - Wide Wooden Wall Shelves for Living Room Bedroom Kitchen Bathroom Farmhouse - Black Color - Set of 1","https://m.media-amazon.com/images/I/71uxYCxWJ7L._AC_UL320_.jpg","https://amazon.com/NIUBEST-Workshop-Wood-Floating-Shelves/dp/B0BZHPJCPY/ref=sr_1_34?crid=36QNR0DBY6M7J&keywords=shelves&qid=1697706350&refresh=1&sprefix=s%2Caps%2C309&sr=8-34","$35.99$49.99","4","4.3 out of 5 stars"
"PEXIZUAN Kawaii Wood Floating Shelf Kawaii Wall Decor Kawaii Room Decor Kawaii Pink Room Decor (Yellow)","https://m.media-amazon.com/images/I/31dkPZFAdYS._AC_UL320_.jpg","https://amazon.com/Kawaii-Wood-Floating-Shelf-Decor/dp/B096MTQVSQ/ref=sr_1_35?crid=36QNR0DBY6M7J&keywords=shelves&qid=1697706350&refresh=1&sprefix=s%2Caps%2C309&sr=8-35","$18.99","35","4.1 out of 5 stars"
"4-Shelf Adjustable Heavy Duty Storage Shelving Unit, Metal Organizer Wire Rack for Laundry Bathroom Kitchen Pantry Closet, Black","https://m.media-amazon.com/images/I/61F1z1NpuOL._AC_UL320_.jpg","https://amazon.com/4-Shelf-Adjustable-Shelving-Organizer-Bathroom/dp/B0BV1M5NJ4/ref=sr_1_36?crid=36QNR0DBY6M7J&keywords=shelves&qid=1697706350&refresh=1&sprefix=s%2Caps%2C309&sr=8-36","$55.99$59.99","197","4.4 out of 5 stars"
"Forbena Pink Floating Shelves for Wall, Aesthetic Wall Bookshelf for Girls Room Decor, Wood Nursery Bookshelves for Toddler Kids Bedroom Book and Toy Storage Organizer (Set of 4, Pink)","https://m.media-amazon.com/images/I/91qn35RFjEL._AC_UL320_.jpg","https://amazon.com/Forbena-Pink-Floating-Aesthetic-Bookshelves/dp/B0CBLPVV7W/ref=sr_1_37?crid=36QNR0DBY6M7J&keywords=shelves&qid=1697706350&refresh=1&sprefix=s%2Caps%2C309&sr=8-37","$39.97$59.99","609","4.7 out of 5 stars"
"ISYOKE White Floating Shelves Set of 3 Wall Mounted Modern Floating Shelf for Wall, Floating White Shelf for Bathroom,Bedroom, Living Room,Kitchen","https://m.media-amazon.com/images/I/619UjxRWE5L._AC_UL320_.jpg","https://amazon.com/ISYOKE-Floating-Shelves-Mounted-Bathroom/dp/B0CF62V675/ref=sr_1_38?crid=36QNR0DBY6M7J&keywords=shelves&qid=1697706350&refresh=1&sprefix=s%2Caps%2C309&sr=8-38","$19.99","5","5.0 out of 5 stars"
"Xeapoms Floating Shelves with Wire Storage Basket, Wall Mounted Bathroom Shelves Over Toilet with Metal Guardrail, Rustic Wood Wall Shelf for Bathroom Decor,Bedroom,Living Room,Kitchen – Rustic Brown","https://m.media-amazon.com/images/I/71pOLYsaUdL._AC_UL320_.jpg","https://amazon.com/Xeapoms-Floating-Shelves-Bathroom-Guardrail/dp/B0C4PR1NC9/ref=sr_1_39?crid=36QNR0DBY6M7J&keywords=shelves&qid=1697706350&refresh=1&sprefix=s%2Caps%2C309&sr=8-39","$19.99$29.98","209","4.4 out of 5 stars"
"Furologee 4 Tier Bookshelf with Drawer, Tall Bookcase with Shelves, Narrow Book Shelf Storage Organizer, Wood and Metal Display Standing Shelf Unit for Bedroom, Living Room, Rustic Brown","https://m.media-amazon.com/images/I/71LZ9PoCYJL._AC_UL320_.jpg","https://amazon.com/Furologee-Bookshelf-Bookcase-Organizer-Standing/dp/B0CB3B7BZR/ref=sr_1_40?crid=36QNR0DBY6M7J&keywords=shelves&qid=1697706350&refresh=1&sprefix=s%2Caps%2C309&sr=8-40","$55.99$59.99","56","4.3 out of 5 stars"
"SINGAYE 4-Shelf Adjustable, Heavy Duty Storage Shelving Unit (350 lbs Loading Capacity per Shelf), Steel Organizer Wire Rack, Black (36" W x 14" D x 57" H)","https://m.media-amazon.com/images/I/61frX+BjALL._AC_UL320_.jpg","https://amazon.com/SINGAYE-Adjustable-Shelving-1400LBS-Capacity/dp/B09D7H1QHZ/ref=sr_1_41?crid=36QNR0DBY6M7J&keywords=shelves&qid=1697706350&refresh=1&sprefix=s%2Caps%2C309&sr=8-41","$89.99","80","4.5 out of 5 stars"
"Esonal Nursery Book Shelves, Natural Wood Wall Bookshelf for Kids, 16 Inch Floating Book Shelves for Kids Room, Set of 4 Hanging Bookshelf for Nursery Living Room Bathroom Kitchen Bedroom Decor","https://m.media-amazon.com/images/I/71wxf0urrlL._AC_UL320_.jpg","https://amazon.com/Esonal-Nursery-Bookshelf-Floating-Bathroom/dp/B0CDQ1XXXT/ref=sr_1_42?crid=36QNR0DBY6M7J&keywords=shelves&qid=1697706350&refresh=1&sprefix=s%2Caps%2C309&sr=8-42","$22.96$29.96","4","4.7 out of 5 stars"
"IRIS USA 4-Tier Shelving Unit, Black","https://m.media-amazon.com/images/I/71m52B-73OL._AC_UL320_.jpg","https://amazon.com/IRIS-USA-Shelving-Organizer-Materials/dp/B0BNM2JLND/ref=sr_1_43?crid=36QNR0DBY6M7J&keywords=shelves&qid=1697706350&refresh=1&sprefix=s%2Caps%2C309&sr=8-43","$28.03$32.99","972","4.6 out of 5 stars"
"Vidivic Floating Shelves, Wood Hanging Shelves Set of 8, Display Wall Shelf for Bedroom, Living Room, Kitchen, Books and Plants（Dark Grey）","https://m.media-amazon.com/images/I/71x9hNzdDyL._AC_UL320_.jpg","https://amazon.com/Vidivic-Floating-Shelves-Hanging-Plants%EF%BC%88Dark/dp/B0C4SHHL6M/ref=sr_1_44?crid=36QNR0DBY6M7J&keywords=shelves&qid=1697706350&refresh=1&sprefix=s%2Caps%2C309&sr=8-44","$24.99","46","4.3 out of 5 stars"
"SweetSage Fire Escape Wall Shelf - Wall Mounted Floating Shelf with 3 Hooks, Black Metal Hanging Shelves for Bedroom, Home Office Storage and Display (3-Tier)","https://m.media-amazon.com/images/I/71V1lL4FK7L._AC_UL320_.jpg","https://amazon.com/SweetSage-Fire-Escape-Wall-Shelf/dp/B0C7Q65MTZ/ref=sr_1_45?crid=36QNR0DBY6M7J&keywords=shelves&qid=1697706350&refresh=1&sprefix=s%2Caps%2C309&sr=8-45","$38.99","24","4.7 out of 5 stars"
"Fixwal Floating Shelves, Bathroom Decor Wall Shelves, 15.8in Bathroom Shelves Set of 5, with Invisible Brackets for Living Room,Bedroom and Kitchen(White)","https://m.media-amazon.com/images/I/71UL2dhIXEL._AC_UL320_.jpg","https://amazon.com/Fixwal-Floating-Bathroom-Invisible-Brackets/dp/B0C7QFJXXG/ref=sr_1_46?crid=36QNR0DBY6M7J&keywords=shelves&qid=1697706350&refresh=1&sprefix=s%2Caps%2C309&sr=8-46","$31.99","31","4.2 out of 5 stars"
"HCHQHS Bookshelf Adjustable 6 Tier Open Bookcase,Rustic Farmhouse Book Shelves, Industrial Wood and Black Metal Bookshelves,Mid Century Bookcase for Home Office Living Room Bedroom (Rustic, 6 Tier)","https://m.media-amazon.com/images/I/71iHAuH1+3L._AC_UL320_.jpg","https://amazon.com/HCHQHS-Bookshelf-Adjustable-Industrial-Bookshelves/dp/B0C5QBH8NZ/ref=sr_1_47?crid=36QNR0DBY6M7J&keywords=shelves&qid=1697706350&refresh=1&sprefix=s%2Caps%2C309&sr=8-47","$109.97$139.99","33","4.5 out of 5 stars"
"ZORCOR Clear Acrylic Shelf Dividers, Closet Shelf Divider and Closet Separator for Organization in Bedroom, Kitchen and Office Plastic Shelves 12 PCS","https://m.media-amazon.com/images/I/61Bq5L-wvZL._AC_UL320_.jpg","https://amazon.com/ZORCOR-Acrylic-Dividers-Separator-Organization/dp/B0CDKX8FGD/ref=sr_1_48?crid=36QNR0DBY6M7J&keywords=shelves&qid=1697706350&refresh=1&sprefix=s%2Caps%2C309&sr=8-48","$36.99","97","4.6 out of 5 stars"